{"cameraMode":{"drawMode":0,"name":"Shaded","section":"Shading Mode"},"sceneLighting":true,"audioPlay":false,"sceneViewState":{"m_AlwaysRefresh":false,"showFog":true,"showSkybox":true,"showFlares":true,"showImageEffects":true,"showParticleSystems":true,"showVisualEffectGraphs":true,"m_FxEnabled":true},"in2DMode":false,"pivot":{"x":7.081655502319336,"y":-1.5703849792480469,"z":0.27718567848205569},"rotation":{"x":-0.19443267583847047,"y":-0.7044503688812256,"z":0.21098722517490388,"w":-0.6491972208023071},"size":17.817041397094728,"orthographic":false}