{"cameraMode":{"drawMode":0,"name":"Shaded","section":"Shading Mode"},"sceneLighting":true,"audioPlay":false,"sceneViewState":{"m_AlwaysRefresh":false,"showFog":true,"showSkybox":true,"showFlares":true,"showImageEffects":true,"showParticleSystems":true,"showVisualEffectGraphs":true,"m_FxEnabled":true},"in2DMode":false,"pivot":{"x":0.17605900764465333,"y":1.4003844261169434,"z":0.09639883041381836},"rotation":{"x":0.041831593960523608,"y":-0.9249191880226135,"z":0.36247125267982485,"w":0.10674133896827698},"size":1.7190535068511963,"orthographic":false}